Date, Precipitation (mm)
1/1/2000,15.9392
6/1/2000,24.2797
11/1/2000,50.7461
16/1/2000,28.4558
21/1/2000,25.3974
26/1/2000,14.2463
1/2/2000,0.8103
6/2/2000,26.3825
11/2/2000,44.7557
16/2/2000,54.4297
21/2/2000,94.7847
26/2/2000,39.5583
1/3/2000,24.3109
6/3/2000,29.2226
11/3/2000,38.1203
16/3/2000,22.631
21/3/2000,10.6832
26/3/2000,17.1483
1/4/2000,11.671
6/4/2000,3.2154
11/4/2000,1.192
16/4/2000,1.3726
21/4/2000,1.2973
26/4/2000,1.229
1/5/2000,0.6667
6/5/2000,0.3978
11/5/2000,0.2697
16/5/2000,0.2452
21/5/2000,0.1955
26/5/2000,0.1646
1/6/2000,0.1898
6/6/2000,0.1551
11/6/2000,0.1303
16/6/2000,0.1218
21/6/2000,0.1063
26/6/2000,0.0822
1/7/2000,0.0406
6/7/2000,0.0075
11/7/2000,0
16/7/2000,0
21/7/2000,0
26/7/2000,0
1/8/2000,0
6/8/2000,0
11/8/2000,0
16/8/2000,0
21/8/2000,0.0186
26/8/2000,0.1021
1/9/2000,0
6/9/2000,0.0017
11/9/2000,0.0358
16/9/2000,0.1397
21/9/2000,0.452
26/9/2000,0.824
1/10/2000,0.9937
6/10/2000,1.1063
11/10/2000,1.0137
16/10/2000,0.8895
21/10/2000,0.8702
26/10/2000,13.1974
1/11/2000,27.8355
6/11/2000,5.7113
11/11/2000,6.7318
16/11/2000,7.396
21/11/2000,1.7873
26/11/2000,39.5256
1/12/2000,5.3528
6/12/2000,10.5002
11/12/2000,43.8653
16/12/2000,11.4945
21/12/2000,37.7262
26/12/2000,30.9843
1/1/2001,35.1789
6/1/2001,8.3028
11/1/2001,14.5474
16/1/2001,20.1426
21/1/2001,11.4152
26/1/2001,11.2131
1/2/2001,77.4421
6/2/2001,95.8648
11/2/2001,28.7545
16/2/2001,42.5067
21/2/2001,34.9819
26/2/2001,19.2374
1/3/2001,37.3153
6/3/2001,16.6129
11/3/2001,15.9553
16/3/2001,7.6006
21/3/2001,30.2321
26/3/2001,8.7942
1/4/2001,5.7317
6/4/2001,5.1828
11/4/2001,1.1826
16/4/2001,1.8339
21/4/2001,0.9337
26/4/2001,0.9179
1/5/2001,0.433
6/5/2001,0.3037
11/5/2001,0.1871
16/5/2001,0.1601
21/5/2001,0.1421
26/5/2001,0.1203
1/6/2001,0.1865
6/6/2001,0.1458
11/6/2001,0.1282
16/6/2001,0.1217
21/6/2001,0.1077
26/6/2001,0.0814
1/7/2001,0.0406
6/7/2001,0.0075
11/7/2001,0
16/7/2001,0
21/7/2001,0
26/7/2001,0
1/8/2001,0
6/8/2001,0
11/8/2001,0
16/8/2001,0
21/8/2001,0.0191
26/8/2001,0.1017
1/9/2001,0
6/9/2001,0.0021
11/9/2001,0.0433
16/9/2001,0.1704
21/9/2001,0.5186
26/9/2001,0.9709
1/10/2001,0.448
6/10/2001,0.506
11/10/2001,0.4645
16/10/2001,1.8966
21/10/2001,3.3014
26/10/2001,11.2266
1/11/2001,17.5271
6/11/2001,17.744
11/11/2001,15.9855
16/11/2001,28.8017
21/11/2001,14.9649
26/11/2001,19.3625
1/12/2001,25.7147
6/12/2001,36.693
11/12/2001,36.735
16/12/2001,13.6047
21/12/2001,35.5117
26/12/2001,10.0657
1/1/2002,4.3249
6/1/2002,12.4572
11/1/2002,34.1458
16/1/2002,19.4424
21/1/2002,14.7706
26/1/2002,10.829
1/2/2002,17.2909
6/2/2002,11.2772
11/2/2002,27.015
16/2/2002,15.4291
21/2/2002,1.6941
26/2/2002,0.5365
1/3/2002,4.2529
6/3/2002,2.2547
11/3/2002,3.4074
16/3/2002,3.1773
21/3/2002,3.1775
26/3/2002,1.8107
1/4/2002,1.3609
6/4/2002,1.4005
11/4/2002,25.1334
16/4/2002,2.1786
21/4/2002,1.3771
26/4/2002,1.3291
1/5/2002,0.4311
6/5/2002,0.2985
11/5/2002,0.2087
16/5/2002,0.1744
21/5/2002,0.1535
26/5/2002,0.13
1/6/2002,0.1879
6/6/2002,0.1483
11/6/2002,0.1309
16/6/2002,0.1242
21/6/2002,0.11
26/6/2002,0.082
1/7/2002,0.0406
6/7/2002,0.0075
11/7/2002,0
16/7/2002,0
21/7/2002,0
26/7/2002,0
1/8/2002,0
6/8/2002,0
11/8/2002,0
16/8/2002,0
21/8/2002,0.0189
26/8/2002,0.1018
1/9/2002,0
6/9/2002,0.0023
11/9/2002,0.0487
16/9/2002,0.187
21/9/2002,0.5736
26/9/2002,1.0909
1/10/2002,6.3907
6/10/2002,4.2184
11/10/2002,0.805
16/10/2002,0.712
21/10/2002,2.105
26/10/2002,13.2571
1/11/2002,16.2265
6/11/2002,18.8853
11/11/2002,2.3708
16/11/2002,2.272
21/11/2002,3.1461
26/11/2002,2.7509
1/12/2002,2.7286
6/12/2002,37.8399
11/12/2002,11.3133
16/12/2002,35.0796
21/12/2002,13.5691
26/12/2002,7.2671
1/1/2003,5.2434
6/1/2003,9.2008
11/1/2003,5.903
16/1/2003,14.76
21/1/2003,19.9269
26/1/2003,40.0339
1/2/2003,1.6468
6/2/2003,7.1207
11/2/2003,14.2329
16/2/2003,25.346
21/2/2003,47.1055
26/2/2003,19.9369
1/3/2003,14.96
6/3/2003,3.9676
11/3/2003,3.3469
16/3/2003,1.5828
21/3/2003,27.0513
26/3/2003,2.659
1/4/2003,11.8248
6/4/2003,0.7361
11/4/2003,0.7327
16/4/2003,0.807
21/4/2003,0.8309
26/4/2003,0.7829
1/5/2003,0.4098
6/5/2003,0.2852
11/5/2003,0.2082
16/5/2003,0.181
21/5/2003,0.1555
26/5/2003,0.1282
1/6/2003,0.1951
6/6/2003,0.1537
11/6/2003,0.1342
16/6/2003,0.1282
21/6/2003,0.1136
26/6/2003,0.0863
1/7/2003,0.0407
6/7/2003,0.0075
11/7/2003,0
16/7/2003,0
21/7/2003,0
26/7/2003,0
1/8/2003,0
6/8/2003,0
11/8/2003,0
16/8/2003,0
21/8/2003,0.0188
26/8/2003,0.1009
1/9/2003,0
6/9/2003,0.0018
11/9/2003,0.0369
16/9/2003,0.1415
21/9/2003,0.4416
26/9/2003,0.8383
1/10/2003,1.4331
6/10/2003,1.6086
11/10/2003,1.48
16/10/2003,25.2953
21/10/2003,10.7612
26/10/2003,4.8553
1/11/2003,2.4754
6/11/2003,2.928
11/11/2003,14.0763
16/11/2003,1.7573
21/11/2003,2.5509
26/11/2003,14.6784
1/12/2003,2.2972
6/12/2003,14.8976
11/12/2003,20.3883
16/12/2003,15.9064
21/12/2003,51.1993
26/12/2003,21.5504
1/1/2004,15.9858
6/1/2004,27.7146
11/1/2004,8.1964
16/1/2004,29.9521
21/1/2004,67.4234
26/1/2004,58.6224
1/2/2004,0.5714
6/2/2004,0.6025
11/2/2004,20.2174
16/2/2004,36.6158
21/2/2004,34.3137
26/2/2004,44.4823
1/3/2004,76.5259
6/3/2004,34.9548
11/3/2004,3.5258
16/3/2004,40.6844
21/3/2004,32.3172
26/3/2004,30.6344
1/4/2004,1.5268
6/4/2004,2.363
11/4/2004,1.2688
16/4/2004,2.421
21/4/2004,1.487
26/4/2004,1.2583
1/5/2004,0.4242
6/5/2004,0.2946
11/5/2004,0.2098
16/5/2004,0.1776
21/5/2004,0.1565
26/5/2004,0.1325
1/6/2004,0.1865
6/6/2004,0.1469
11/6/2004,0.1291
16/6/2004,0.1217
21/6/2004,0.1086
26/6/2004,0.0816
1/7/2004,0.0407
6/7/2004,0.0075
11/7/2004,0
16/7/2004,0
21/7/2004,0
26/7/2004,0
1/8/2004,0
6/8/2004,0
11/8/2004,0
16/8/2004,0
21/8/2004,0.0189
26/8/2004,0.1016
1/9/2004,0
6/9/2004,0.0018
11/9/2004,0.0369
16/9/2004,0.1421
21/9/2004,0.4376
26/9/2004,0.8406
1/10/2004,0.6157
6/10/2004,1.8433
11/10/2004,9.3007
16/10/2004,0.5652
21/10/2004,0.5527
26/10/2004,0.9792
1/11/2004,1.1471
6/11/2004,3.4585
11/11/2004,1.0763
16/11/2004,1.4267
21/11/2004,10.5191
26/11/2004,0.873
1/12/2004,23.3182
6/12/2004,74.332
11/12/2004,5.4509
16/12/2004,4.7066
21/12/2004,20.3664
26/12/2004,18.4882
1/1/2005,13.9
6/1/2005,6.1631
11/1/2005,10.7694
16/1/2005,40.1695
21/1/2005,52.0066
26/1/2005,42.6596
1/2/2005,0.4873
6/2/2005,0.5381
11/2/2005,18.9218
16/2/2005,13.7433
21/2/2005,18.83
26/2/2005,1.5138
1/3/2005,2.0625
6/3/2005,2.6248
11/3/2005,11.0412
16/3/2005,3.5975
21/3/2005,1.5493
26/3/2005,26.5225
1/4/2005,20.9488
6/4/2005,0.9213
11/4/2005,0.7371
16/4/2005,0.7691
21/4/2005,0.7949
26/4/2005,0.7658
1/5/2005,0.4238
6/5/2005,0.2976
11/5/2005,0.2047
16/5/2005,0.1807
21/5/2005,0.156
26/5/2005,0.1346
1/6/2005,0.1861
6/6/2005,0.1461
11/6/2005,0.1284
16/6/2005,0.122
21/6/2005,0.1059
26/6/2005,0.0804
1/7/2005,0.0403
6/7/2005,0.0074
11/7/2005,0
16/7/2005,0
21/7/2005,0
26/7/2005,0
1/8/2005,0
6/8/2005,0
11/8/2005,0
16/8/2005,0
21/8/2005,0.0187
26/8/2005,0.1009
1/9/2005,0
6/9/2005,0.0017
11/9/2005,0.0365
16/9/2005,0.1406
21/9/2005,0.446
26/9/2005,0.8302
1/10/2005,0.7749
6/10/2005,0.8715
11/10/2005,0.8197
16/10/2005,0.705
21/10/2005,0.6957
26/10/2005,2.0033
1/11/2005,3.5508
6/11/2005,8.0158
11/11/2005,11.0246
16/11/2005,16.1021
21/11/2005,35.5261
26/11/2005,20.7911
1/12/2005,54.2113
6/12/2005,30.8773
11/12/2005,5.5841
16/12/2005,24.5366
21/12/2005,33.6874
26/12/2005,47.2281
1/1/2006,18.5125
6/1/2006,44.0443
11/1/2006,66.5521
16/1/2006,29.0212
21/1/2006,30.01
26/1/2006,31.0559
1/2/2006,23.8658
6/2/2006,67.9275
11/2/2006,15.6604
16/2/2006,37.7414
21/2/2006,40.6487
26/2/2006,21.337
1/3/2006,23.8098
6/3/2006,4.1668
11/3/2006,45.1708
16/3/2006,5.5408
21/3/2006,10.2106
26/3/2006,5.7207
1/4/2006,1.4391
6/4/2006,0.9586
11/4/2006,1.3477
16/4/2006,1.0162
21/4/2006,2.1727
26/4/2006,1.5151
1/5/2006,0.4501
6/5/2006,0.3332
11/5/2006,0.2145
16/5/2006,0.1859
21/5/2006,0.1637
26/5/2006,0.1379
1/6/2006,0.1875
6/6/2006,0.1468
11/6/2006,0.1288
16/6/2006,0.122
21/6/2006,0.108
26/6/2006,0.0813
1/7/2006,0.0403
6/7/2006,0.0074
11/7/2006,0
16/7/2006,0
21/7/2006,0
26/7/2006,0
1/8/2006,0
6/8/2006,0
11/8/2006,0
16/8/2006,0
21/8/2006,0.0188
26/8/2006,0.1009
1/9/2006,0
6/9/2006,0.0018
11/9/2006,0.0367
16/9/2006,0.1404
21/9/2006,0.4475
26/9/2006,0.7876
1/10/2006,1.8555
6/10/2006,1.3024
11/10/2006,1.9062
16/10/2006,7.2205
21/10/2006,3.6746
26/10/2006,4.3668
1/11/2006,20.5487
6/11/2006,7.0286
11/11/2006,29.7636
16/11/2006,18.1415
21/11/2006,29.106
26/11/2006,5.6843
1/12/2006,4.6844
6/12/2006,16.96
11/12/2006,29.3481
16/12/2006,26.6836
21/12/2006,27.5648
26/12/2006,79.6248
1/1/2007,47.5394
6/1/2007,30.5198
11/1/2007,15.0769
16/1/2007,65.3532
21/1/2007,40.8722
26/1/2007,35.2862
1/2/2007,4.4159
6/2/2007,17.9888
11/2/2007,25.2325
16/2/2007,3.5831
21/2/2007,1.0641
26/2/2007,20.2016
1/3/2007,16.4209
6/3/2007,4.0815
11/3/2007,1.4342
16/3/2007,2.0703
21/3/2007,9.4859
26/3/2007,34.5817
1/4/2007,14.2626
6/4/2007,2.3963
11/4/2007,2.1465
16/4/2007,1.2996
21/4/2007,1.3089
26/4/2007,1.2533
1/5/2007,0.4251
6/5/2007,0.2946
11/5/2007,0.207
16/5/2007,0.1798
21/5/2007,0.1582
26/5/2007,0.1329
1/6/2007,0.1859
6/6/2007,0.1456
11/6/2007,0.1285
16/6/2007,0.1218
21/6/2007,0.1065
26/6/2007,0.0808
1/7/2007,0.0406
6/7/2007,0.0075
11/7/2007,0
16/7/2007,0
21/7/2007,0
26/7/2007,0
1/8/2007,0
6/8/2007,0
11/8/2007,0
16/8/2007,0
21/8/2007,0.0188
26/8/2007,0.1009
1/9/2007,0
6/9/2007,0.0015
11/9/2007,0.0321
16/9/2007,0.1235
21/9/2007,0.3832
26/9/2007,0.876
1/10/2007,1.6256
6/10/2007,0.832
11/10/2007,1.5921
16/10/2007,0.6854
21/10/2007,0.61
26/10/2007,1.9493
1/11/2007,20.6179
6/11/2007,41.8325
11/11/2007,7.6931
16/11/2007,19.4918
21/11/2007,16.6254
26/11/2007,33.3593
1/12/2007,19.3388
6/12/2007,29.161
11/12/2007,39.0446
16/12/2007,74.0641
21/12/2007,32.9709
26/12/2007,67.5912
1/1/2008,97.2459
6/1/2008,49.7805
11/1/2008,38.8789
16/1/2008,32.9784
21/1/2008,62.2697
26/1/2008,75.3389
1/2/2008,27.8343
6/2/2008,14.8294
11/2/2008,5.9718
16/2/2008,1.7899
21/2/2008,14.2335
26/2/2008,11.0001
1/3/2008,12.6383
6/3/2008,17.9783
11/3/2008,14.8723
16/3/2008,12.3125
21/3/2008,1.929
26/3/2008,2.197
1/4/2008,1.2293
6/4/2008,1.789
11/4/2008,1.1554
16/4/2008,1.2233
21/4/2008,1.2618
26/4/2008,1.1651
1/5/2008,0.9396
6/5/2008,0.3305
11/5/2008,0.2315
16/5/2008,0.1988
21/5/2008,0.1762
26/5/2008,0.1482
1/6/2008,0.8963
6/6/2008,0.1722
11/6/2008,0.1528
16/6/2008,0.1436
21/6/2008,0.4878
26/6/2008,0.096
1/7/2008,0.0406
6/7/2008,0.0075
11/7/2008,0
16/7/2008,0
21/7/2008,0
26/7/2008,0
1/8/2008,0
6/8/2008,0
11/8/2008,0
16/8/2008,0
21/8/2008,0.0188
26/8/2008,0.1017
1/9/2008,0
6/9/2008,0.0017
11/9/2008,0.0359
16/9/2008,0.1396
21/9/2008,0.4516
26/9/2008,0.8188
1/10/2008,0.8412
6/10/2008,0.9333
11/10/2008,0.8625
16/10/2008,1.7696
21/10/2008,0.8895
26/10/2008,1.6
1/11/2008,15.3987
6/11/2008,15.9486
11/11/2008,33.1339
16/11/2008,72.9831
21/11/2008,48.8618
26/11/2008,16.6197
1/12/2008,14.4508
6/12/2008,14.3204
11/12/2008,53.8778
16/12/2008,14.5257
21/12/2008,42.4949
26/12/2008,66.5056
1/1/2009,9.1665
6/1/2009,53.9902
11/1/2009,55.0967
16/1/2009,54.6939
21/1/2009,16.9958
26/1/2009,32.9768
1/2/2009,38.718
6/2/2009,1.6894
11/2/2009,6.5371
16/2/2009,17.4726
21/2/2009,7.0347
26/2/2009,4.2107
1/3/2009,30.0958
6/3/2009,36.1843
11/3/2009,36.3968
16/3/2009,29.3834
21/3/2009,2.2757
26/3/2009,1.5985
1/4/2009,0.8729
6/4/2009,1.13
11/4/2009,0.7955
16/4/2009,0.8633
21/4/2009,0.8707
26/4/2009,0.8392
1/5/2009,4.7851
6/5/2009,0.3393
11/5/2009,0.2445
16/5/2009,0.2017
21/5/2009,0.183
26/5/2009,0.1548
1/6/2009,0.2021
6/6/2009,0.1658
11/6/2009,0.1393
16/6/2009,0.1318
21/6/2009,0.1166
26/6/2009,0.0882
1/7/2009,0.0406
6/7/2009,0.0075
11/7/2009,0
16/7/2009,0
21/7/2009,0
26/7/2009,0
1/8/2009,0
6/8/2009,0
11/8/2009,0
16/8/2009,0
21/8/2009,0.019
26/8/2009,0.1015
1/9/2009,0
6/9/2009,0.0018
11/9/2009,0.0368
16/9/2009,0.1438
21/9/2009,0.4705
26/9/2009,1.4636
1/10/2009,2.0382
6/10/2009,1.3746
11/10/2009,1.0086
16/10/2009,1.1166
21/10/2009,1.1025
26/10/2009,11.7344
1/11/2009,9.5723
6/11/2009,25.8665
11/11/2009,13.8801
16/11/2009,26.4269
21/11/2009,13.2599
26/11/2009,11.2835
1/12/2009,29.2267
6/12/2009,27.6491
11/12/2009,29.3218
16/12/2009,8.3029
21/12/2009,9.2502
26/12/2009,31.0472
1/1/2010,22.6114
6/1/2010,68.8993
11/1/2010,11.1135
16/1/2010,30.3599
21/1/2010,31.104
26/1/2010,73.442
1/2/2010,16.3329
6/2/2010,1.0096
11/2/2010,7.0426
16/2/2010,60.4061
21/2/2010,29.8401
26/2/2010,13.3614
1/3/2010,70.6512
6/3/2010,3.6911
11/3/2010,4.1403
16/3/2010,19.2498
21/3/2010,5.4697
26/3/2010,7.644
1/4/2010,7.7982
6/4/2010,29.2124
11/4/2010,5.6153
16/4/2010,9.0387
21/4/2010,2.2004
26/4/2010,1.2348
1/5/2010,3.8758
6/5/2010,0.4348
11/5/2010,0.3
16/5/2010,0.2673
21/5/2010,0.2242
26/5/2010,0.1994
1/6/2010,0.1859
6/6/2010,0.1457
11/6/2010,0.1282
16/6/2010,0.1214
21/6/2010,0.1073
26/6/2010,0.0812
1/7/2010,0.0406
6/7/2010,0.0075
11/7/2010,0
16/7/2010,0
21/7/2010,0
26/7/2010,0
1/8/2010,0
6/8/2010,0
11/8/2010,0
16/8/2010,0
21/8/2010,0.019
26/8/2010,0.1017
1/9/2010,0
6/9/2010,0.0018
11/9/2010,0.0368
16/9/2010,0.1409
21/9/2010,0.4425
26/9/2010,0.8171
1/10/2010,0.6784
6/10/2010,0.7637
11/10/2010,1.8112
16/10/2010,0.7019
21/10/2010,0.8091
26/10/2010,10.9729
1/11/2010,11.851
6/11/2010,19.124
11/11/2010,32.9561
16/11/2010,11.3298
21/11/2010,11.5889
26/11/2010,26.8706
1/12/2010,40.3555
6/12/2010,16.3227
11/12/2010,14.6181
16/12/2010,20.0731
21/12/2010,16.3822
26/12/2010,29.8541
1/1/2011,24.0057
6/1/2011,35.1693
11/1/2011,44.7133
16/1/2011,53.1897
21/1/2011,29.6242
26/1/2011,34.3133
1/2/2011,23.3679
6/2/2011,2.5956
11/2/2011,1.4382
16/2/2011,7.2971
21/2/2011,28.8498
26/2/2011,19.7766
1/3/2011,16.2314
6/3/2011,19.1553
11/3/2011,7.406
16/3/2011,3.9875
21/3/2011,18.5498
26/3/2011,7.1336
1/4/2011,1.7889
6/4/2011,2.9433
11/4/2011,0.9716
16/4/2011,1.0604
21/4/2011,1.104
26/4/2011,6.9082
1/5/2011,0.5801
6/5/2011,0.4047
11/5/2011,0.2826
16/5/2011,0.7783
21/5/2011,0.2221
26/5/2011,0.1831
1/6/2011,0.1972
6/6/2011,0.157
11/6/2011,0.1359
16/6/2011,0.1293
21/6/2011,0.1144
26/6/2011,0.086
1/7/2011,0.0406
6/7/2011,0.0076
11/7/2011,0
16/7/2011,0
21/7/2011,0
26/7/2011,0
1/8/2011,0
6/8/2011,0
11/8/2011,0
16/8/2011,0
21/8/2011,0.0189
26/8/2011,0.1016
1/9/2011,0
6/9/2011,0.0016
11/9/2011,0.0335
16/9/2011,0.1297
21/9/2011,0.4093
26/9/2011,0.881
1/10/2011,2.0766
6/10/2011,1.7073
11/10/2011,0.8122
16/10/2011,8.9815
21/10/2011,0.6859
26/10/2011,2.3815
1/11/2011,15.4499
6/11/2011,1.9298
11/11/2011,4.7321
16/11/2011,5.3642
21/11/2011,44.368
26/11/2011,21.3599
1/12/2011,16.9379
6/12/2011,26.7882
11/12/2011,27.3355
16/12/2011,20.5623
21/12/2011,8.4892
26/12/2011,40.6344
1/1/2012,12.315
6/1/2012,8.7052
11/1/2012,25.1503
16/1/2012,32.244
21/1/2012,29.8533
26/1/2012,35.5254
1/2/2012,24.2985
6/2/2012,9.1159
11/2/2012,35.261
16/2/2012,29.0446
21/2/2012,14.416
26/2/2012,0.7647
1/3/2012,12.9823
6/3/2012,7.8529
11/3/2012,4.3992
16/3/2012,15.495
21/3/2012,10.0078
26/3/2012,24.9879
1/4/2012,1.2145
6/4/2012,1.0202
11/4/2012,1.8562
16/4/2012,1.1517
21/4/2012,1.1575
26/4/2012,1.1246
1/5/2012,0.4329
6/5/2012,0.3059
11/5/2012,0.2137
16/5/2012,0.1856
21/5/2012,0.1633
26/5/2012,0.1372
1/6/2012,0.1866
6/6/2012,0.146
11/6/2012,0.1281
16/6/2012,0.1213
21/6/2012,0.1074
26/6/2012,0.0808
1/7/2012,0.0398
6/7/2012,0.0073
11/7/2012,0
16/7/2012,0
21/7/2012,0
26/7/2012,0
1/8/2012,0
6/8/2012,0
11/8/2012,0
16/8/2012,0
21/8/2012,0.0192
26/8/2012,0.1034
1/9/2012,0
6/9/2012,0.0018
11/9/2012,0.0383
16/9/2012,0.1474
21/9/2012,0.4775
26/9/2012,1.7985
1/10/2012,0.8023
6/10/2012,0.8987
11/10/2012,2.8981
16/10/2012,2.4395
21/10/2012,3.2649
26/10/2012,1.4037
1/11/2012,2.3625
6/11/2012,12.8036
11/11/2012,24.0196
16/11/2012,8.6094
21/11/2012,19.4516
26/11/2012,15.2273
1/12/2012,14.8641
6/12/2012,53.3374
11/12/2012,24.3095
16/12/2012,52.4562
21/12/2012,33.6413
26/12/2012,50.1913
1/1/2013,71.1815
6/1/2013,28.1948
11/1/2013,55.4392
16/1/2013,38.4059
21/1/2013,16.0874
26/1/2013,7.9739
1/2/2013,22.6338
6/2/2013,36.9714
11/2/2013,33.6411
16/2/2013,0.8913
21/2/2013,7.5702
26/2/2013,0.4279
1/3/2013,9.9935
6/3/2013,27.8317
11/3/2013,1.5629
16/3/2013,2.3285
21/3/2013,1.5116
26/3/2013,1.7072
1/4/2013,1.1639
6/4/2013,0.8592
11/4/2013,0.8823
16/4/2013,1.0018
21/4/2013,1.1171
26/4/2013,1.0767
1/5/2013,0.4702
6/5/2013,0.3385
11/5/2013,0.2533
16/5/2013,0.2212
21/5/2013,0.2066
26/5/2013,0.2986
1/6/2013,0.2307
6/6/2013,0.178
11/6/2013,0.1522
16/6/2013,0.1398
21/6/2013,0.1223
26/6/2013,0.0895
1/7/2013,0.0439
6/7/2013,0.008
11/7/2013,0
16/7/2013,0
21/7/2013,0
26/7/2013,0
1/8/2013,0
6/8/2013,0
11/8/2013,0
16/8/2013,0
21/8/2013,0.0205
26/8/2013,0.1103
1/9/2013,0
6/9/2013,0.0019
11/9/2013,0.0405
16/9/2013,0.1536
21/9/2013,0.4685
26/9/2013,0.8517
1/10/2013,5.3931
6/10/2013,1.4289
11/10/2013,4.3385
16/10/2013,1.1391
21/10/2013,3.6806
26/10/2013,11.5197
1/11/2013,9.5084
6/11/2013,12.6839
11/11/2013,4.1914
16/11/2013,3.5658
21/11/2013,21.0618
26/11/2013,2.5934
1/12/2013,12.0953
6/12/2013,10.5015
11/12/2013,59.4218
16/12/2013,59.6682
21/12/2013,6.0177
26/12/2013,54.5265
1/1/2014,84.3205
6/1/2014,19.237
11/1/2014,16.9277
16/1/2014,9.0375
21/1/2014,16.6869
26/1/2014,77.8027
1/2/2014,46.0068
6/2/2014,49.8387
11/2/2014,17.4297
16/2/2014,0.7393
21/2/2014,10.3781
26/2/2014,5.2706
1/3/2014,39.2681
6/3/2014,34.8747
11/3/2014,5.9309
16/3/2014,3.5671
21/3/2014,2.4689
26/3/2014,4.0488
1/4/2014,1.6056
6/4/2014,1.3352
11/4/2014,2.4614
16/4/2014,1.5517
21/4/2014,2.694
26/4/2014,1.9213
1/5/2014,0.5867
6/5/2014,0.41
11/5/2014,0.3007
16/5/2014,0.274
21/5/2014,0.2599
26/5/2014,0.3744
1/6/2014,0.231
6/6/2014,0.1782
11/6/2014,0.1524
16/6/2014,0.1398
21/6/2014,0.1214
26/6/2014,0.0901
1/7/2014,0.0448
6/7/2014,0.0081
11/7/2014,0
16/7/2014,0
21/7/2014,0
26/7/2014,0
1/8/2014,0
6/8/2014,0
11/8/2014,0
16/8/2014,0
21/8/2014,0.0206
26/8/2014,0.1103
1/9/2014,0
6/9/2014,0.0019
11/9/2014,0.0398
16/9/2014,0.15
21/9/2014,0.4614
26/9/2014,0.8542
1/10/2014,2.0763
6/10/2014,1.5492
11/10/2014,3.6943
16/10/2014,0.9072
21/10/2014,0.8129
26/10/2014,1.7039
1/11/2014,5.3026
6/11/2014,10.729
11/11/2014,18.4154
16/11/2014,5.5972
21/11/2014,1.3415
26/11/2014,15.4218
1/12/2014,2.9253
6/12/2014,9.3819
11/12/2014,35.6555
16/12/2014,25.1602
21/12/2014,31.5646
26/12/2014,70.5356
1/1/2015,44.4825
6/1/2015,5.9946
11/1/2015,14.8886
16/1/2015,77.6753
21/1/2015,6.7394
26/1/2015,15.6524
1/2/2015,50.2639
6/2/2015,2.9217
11/2/2015,9.3738
16/2/2015,4.1868
21/2/2015,5.332
26/2/2015,7.5274
1/3/2015,10.6381
6/3/2015,1.834
11/3/2015,1.4909
16/3/2015,2.4685
21/3/2015,1.6122
26/3/2015,17.858
1/4/2015,59.3909
6/4/2015,7.8797
11/4/2015,1.7522
16/4/2015,4.7031
21/4/2015,4.2897
26/4/2015,1.7754
1/5/2015,0.4679
6/5/2015,0.3376
11/5/2015,0.2411
16/5/2015,0.2248
21/5/2015,0.2069
26/5/2015,0.3072
1/6/2015,0.2393
6/6/2015,0.1772
11/6/2015,0.1515
16/6/2015,0.1395
21/6/2015,0.1207
26/6/2015,0.0905
1/7/2015,0.0442
6/7/2015,0.0081
11/7/2015,0
16/7/2015,0
21/7/2015,0
26/7/2015,0
1/8/2015,0
6/8/2015,0
11/8/2015,0
16/8/2015,0
21/8/2015,0.0206
26/8/2015,0.1103
1/9/2015,0
6/9/2015,0.0019
11/9/2015,0.04
16/9/2015,0.1509
21/9/2015,0.4665
26/9/2015,0.8582
1/10/2015,2.5021
6/10/2015,1.0097
11/10/2015,1.5101
16/10/2015,6.6233
21/10/2015,0.7651
26/10/2015,1.6183
1/11/2015,2.9
6/11/2015,1.7184
11/11/2015,5.1336
16/11/2015,20.9711
21/11/2015,3.1921
26/11/2015,17.3037
1/12/2015,43.9425
6/12/2015,13.6896
11/12/2015,11.8977
16/12/2015,14.7997
21/12/2015,4.6333
26/12/2015,11.5313
1/1/2016,7.9533
6/1/2016,10.2773
11/1/2016,23.236
16/1/2016,16.4076
21/1/2016,18.1272
26/1/2016,33.3511
1/2/2016,11.2271
6/2/2016,23.3503
11/2/2016,36.9123
16/2/2016,1.5738
21/2/2016,61.3516
26/2/2016,30.959
1/3/2016,16.977
6/3/2016,63.6119
11/3/2016,20.9031
16/3/2016,38.133
21/3/2016,7.2142
26/3/2016,1.6421
1/4/2016,1.6114
6/4/2016,0.8307
11/4/2016,0.8692
16/4/2016,1.0616
21/4/2016,1.1684
26/4/2016,1.0706
1/5/2016,0.4596
6/5/2016,0.3348
11/5/2016,0.2367
16/5/2016,0.2209
21/5/2016,0.2013
26/5/2016,0.2996
1/6/2016,0.2154
6/6/2016,0.163
11/6/2016,0.1369
16/6/2016,0.1262
21/6/2016,0.1107
26/6/2016,0.0815
1/7/2016,0.0445
6/7/2016,0.0082
11/7/2016,0
16/7/2016,0
21/7/2016,0
26/7/2016,0
1/8/2016,0
6/8/2016,0
11/8/2016,0
16/8/2016,0
21/8/2016,0.0202
26/8/2016,0.1093
1/9/2016,0
6/9/2016,0.0017
11/9/2016,0.0353
16/9/2016,0.1343
21/9/2016,0.4098
26/9/2016,0.7611
1/10/2016,1.6075
6/10/2016,1.0821
11/10/2016,0.4236
16/10/2016,0.347
21/10/2016,0.3299
26/10/2016,0.7483
1/11/2016,3.9484
6/11/2016,4.5489
11/11/2016,12.8243
16/11/2016,9.3792
21/11/2016,47.7428
26/11/2016,3.5793
1/12/2016,9.8407
6/12/2016,15.384
11/12/2016,54.9783
16/12/2016,61.3327
21/12/2016,14.8509
26/12/2016,40.8093
1/1/2017,39.2353
6/1/2017,33.2435
11/1/2017,44.5535
16/1/2017,28.0159
21/1/2017,36.2202
26/1/2017,40.4452
1/2/2017,25.2973
6/2/2017,21.2183
11/2/2017,26.2943
16/2/2017,87.3762
21/2/2017,82.5583
26/2/2017,44.1296
1/3/2017,33.3161
6/3/2017,31.5632
11/3/2017,2.9619
16/3/2017,1.815
21/3/2017,21.2345
26/3/2017,2.7625
1/4/2017,2.1998
6/4/2017,2.5893
11/4/2017,9.1072
16/4/2017,2.2834
21/4/2017,10.3426
26/4/2017,1.64
1/5/2017,0.4379
6/5/2017,0.3233
11/5/2017,0.2342
16/5/2017,0.2149
21/5/2017,0.1975
26/5/2017,0.5681
1/6/2017,0.2262
6/6/2017,0.1726
11/6/2017,0.1484
16/6/2017,0.1364
21/6/2017,0.1188
26/6/2017,0.0888
1/7/2017,0.0439
6/7/2017,0.008
11/7/2017,0
16/7/2017,0
21/7/2017,0
26/7/2017,0
1/8/2017,0
6/8/2017,0
11/8/2017,0
16/8/2017,0
21/8/2017,0.0206
26/8/2017,0.1102
1/9/2017,0
6/9/2017,0.0018
11/9/2017,0.0382
16/9/2017,0.1428
21/9/2017,0.4442
26/9/2017,0.8146
1/10/2017,0.69
6/10/2017,4.9068
11/10/2017,0.7609
16/10/2017,1.4612
21/10/2017,3.8801
26/10/2017,10.5398
1/11/2017,2.0674
6/11/2017,5.0806
11/11/2017,25.995
16/11/2017,3.829
21/11/2017,5.2429
26/11/2017,12.5503
1/12/2017,11.3337
6/12/2017,25.2722
11/12/2017,12.6355
16/12/2017,7.4096
21/12/2017,22.0495
26/12/2017,32.7408
1/1/2018,18.794
6/1/2018,4.0131
11/1/2018,6.3699
16/1/2018,6.5866
21/1/2018,23.6183
26/1/2018,29.575
1/2/2018,100.048
6/2/2018,76.9209
11/2/2018,68.8034
16/2/2018,77.9127
21/2/2018,79.5363
26/2/2018,48.5583
1/3/2018,25.2437
6/3/2018,41.1198
11/3/2018,1.9456
16/3/2018,6.3018
21/3/2018,24.9049
26/3/2018,16.2193
1/4/2018,8.5866
6/4/2018,4.5323
11/4/2018,2.2365
16/4/2018,1.6885
21/4/2018,1.7508
26/4/2018,1.8346
1/5/2018,1.0713
6/5/2018,0.6099
11/5/2018,0.4807
16/5/2018,0.4334
21/5/2018,0.3864
26/5/2018,0.5509
1/6/2018,0.2368
6/6/2018,0.1786
11/6/2018,0.1542
16/6/2018,0.1417
21/6/2018,0.123
26/6/2018,0.0923
1/7/2018,0.0449
6/7/2018,0.0082
11/7/2018,0
16/7/2018,0
21/7/2018,0
26/7/2018,0
1/8/2018,0
6/8/2018,0
11/8/2018,0
16/8/2018,0
21/8/2018,0.0208
26/8/2018,0.1143
1/9/2018,0
6/9/2018,0.0021
11/9/2018,0.0429
16/9/2018,0.1627
21/9/2018,0.5138
26/9/2018,0.9045
1/10/2018,0.2944
6/10/2018,0.2573
11/10/2018,3.2772
16/10/2018,0.6473
21/10/2018,1.5376
26/10/2018,0.5096
1/11/2018,3.5358
6/11/2018,3.1218
11/11/2018,1.1524
16/11/2018,1.02
21/11/2018,10.2528
26/11/2018,18.6759
1/12/2018,5.3076
6/12/2018,17.8416
11/12/2018,2.638
16/12/2018,2.2846
21/12/2018,3.3251
26/12/2018,30.0308
1/1/2019,24.0865
6/1/2019,17.0994
11/1/2019,17.457
16/1/2019,23.16
21/1/2019,5.532
26/1/2019,25.4024
1/2/2019,18.4509
6/2/2019,21.0714
11/2/2019,79.5764
16/2/2019,18.6928
21/2/2019,0.6176
26/2/2019,0.3889
1/3/2019,1.835
6/3/2019,1.2198
11/3/2019,1.0663
16/3/2019,1.1435
21/3/2019,1.1217
26/3/2019,1.2201
1/4/2019,1.8428
6/4/2019,19.01
11/4/2019,7.0978
16/4/2019,4.316
21/4/2019,3.3365
26/4/2019,1.9276
1/5/2019,0.4257
6/5/2019,0.3202
11/5/2019,0.2432
16/5/2019,0.2204
21/5/2019,0.1893
26/5/2019,0.2967
1/6/2019,0.2077
6/6/2019,0.1581
11/6/2019,0.1356
16/6/2019,0.1241
21/6/2019,0.1075
26/6/2019,0.0806
1/7/2019,0.0446
6/7/2019,0.0081
11/7/2019,0
16/7/2019,0
21/7/2019,0
26/7/2019,0
1/8/2019,0
6/8/2019,0
11/8/2019,0
16/8/2019,0
21/8/2019,0.0208
26/8/2019,0.1123
1/9/2019,0
6/9/2019,0.0017
11/9/2019,0.0348
16/9/2019,0.1302
21/9/2019,0.4116
26/9/2019,0.7553
1/10/2019,0.5371
6/10/2019,0.6364
11/10/2019,0.8691
16/10/2019,0.5026
21/10/2019,0.4731
26/10/2019,1.069
1/11/2019,7.527
6/11/2019,6.9194
11/11/2019,20.4735
16/11/2019,9.6319
21/11/2019,16.5417
26/11/2019,2.388
1/12/2019,5.4119
6/12/2019,15.2367
11/12/2019,3.1747
16/12/2019,1.8779
21/12/2019,1.7808
26/12/2019,13.4427
1/1/2020,39.4897
6/1/2020,51.2819
11/1/2020,54.2988
16/1/2020,59.8396
21/1/2020,11.14
26/1/2020,27.6307
1/2/2020,10.3913
6/2/2020,97.2594
11/2/2020,3.7698
16/2/2020,31.009
21/2/2020,76.6921
26/2/2020,1.5898
1/3/2020,24.6279
6/3/2020,2.911
11/3/2020,3.9584
16/3/2020,8.961
21/3/2020,26.5349
26/3/2020,12.3376
1/4/2020,1.2838
6/4/2020,1.8669
11/4/2020,2.2364
16/4/2020,1.5565
21/4/2020,1.3789
26/4/2020,1.3623
1/5/2020,0.4924
6/5/2020,0.3566
11/5/2020,0.2545
16/5/2020,0.2413
21/5/2020,0.2194
26/5/2020,0.3226
1/6/2020,0.2265
6/6/2020,0.1801
11/6/2020,0.1501
16/6/2020,0.1378
21/6/2020,0.1212
26/6/2020,0.0894
1/7/2020,0.0448
6/7/2020,0.0082
11/7/2020,0
16/7/2020,0
21/7/2020,0
26/7/2020,0
1/8/2020,0
6/8/2020,0
11/8/2020,0
16/8/2020,0
21/8/2020,0.0211
26/8/2020,0.1131
1/9/2020,0
6/9/2020,0.0019
11/9/2020,0.0398
16/9/2020,0.1521
21/9/2020,0.4846
26/9/2020,0.8566
1/10/2020,0.7849
6/10/2020,7.1828
11/10/2020,2.8142
16/10/2020,0.6739
21/10/2020,0.6379
26/10/2020,1.2891
1/11/2020,9.7739
6/11/2020,1.5257
11/11/2020,28.9145
16/11/2020,14.3396
21/11/2020,9.6664
26/11/2020,21.5901
1/12/2020,42.8749
6/12/2020,35.992
11/12/2020,51.6661
16/12/2020,30.968
21/12/2020,29.562
26/12/2020,19.0483
1/1/2021,38.2754
6/1/2021,18.0884
11/1/2021,54.3289
16/1/2021,71.0232
21/1/2021,49.828
26/1/2021,32.908
1/2/2021,18.652
6/2/2021,20.343
11/2/2021,7.3414
16/2/2021,28.8749
21/2/2021,8.811
26/2/2021,11.7913
1/3/2021,2.2353
6/3/2021,2.241
11/3/2021,1.7104
16/3/2021,4.8302
21/3/2021,4.6513
26/3/2021,2.9696
1/4/2021,0.7196
6/4/2021,0.6298
11/4/2021,0.641
16/4/2021,0.7419
21/4/2021,0.8533
26/4/2021,2.0983
1/5/2021,0.5326
6/5/2021,0.3612
11/5/2021,0.2516
16/5/2021,0.239
21/5/2021,0.2178
26/5/2021,0.3205
1/6/2021,0.2294
6/6/2021,0.1755
11/6/2021,0.1503
16/6/2021,0.1375
21/6/2021,0.1197
26/6/2021,0.09
1/7/2021,0.0448
6/7/2021,0.0082
11/7/2021,0
16/7/2021,0
21/7/2021,0
26/7/2021,0
1/8/2021,0
6/8/2021,0
11/8/2021,0
16/8/2021,0
21/8/2021,0.0211
26/8/2021,0.1137
1/9/2021,0
6/9/2021,0.0019
11/9/2021,0.0402
16/9/2021,0.1536
21/9/2021,0.4894
26/9/2021,0.8704
1/10/2021,0.662
6/10/2021,0.685
11/10/2021,0.6458
16/10/2021,1.0112
21/10/2021,4.997
26/10/2021,1.3547
1/11/2021,11.166
6/11/2021,1.8542
11/11/2021,7.9625
16/11/2021,8.3292
21/11/2021,5.8867
26/11/2021,0.9723
1/12/2021,3.0378
6/12/2021,10.0522
11/12/2021,8.0804
16/12/2021,37.7345
21/12/2021,35.875
26/12/2021,17.2287
1/1/2022,41.2641
6/1/2022,56.1745
11/1/2022,93.9616
16/1/2022,35.2955
21/1/2022,9.8002
26/1/2022,72.0834
1/2/2022,13.7522
6/2/2022,7.7278
11/2/2022,12.7023
16/2/2022,3.4901
21/2/2022,2.6158
26/2/2022,0.8938
1/3/2022,7.6452
6/3/2022,10.8139
11/3/2022,7.6931
16/3/2022,28.5174
21/3/2022,3.7716
26/3/2022,3.5358
1/4/2022,4.8344
6/4/2022,3.5888
11/4/2022,1.9153
16/4/2022,8.8016
21/4/2022,1.2162
26/4/2022,1.1831
1/5/2022,0.503
6/5/2022,0.3688
11/5/2022,0.2697
16/5/2022,0.2436
21/5/2022,0.2227
26/5/2022,0.3294
1/6/2022,0.2287
6/6/2022,0.1752
11/6/2022,0.1508
16/6/2022,0.1375
21/6/2022,0.1198
26/6/2022,0.0903
1/7/2022,0.0453
6/7/2022,0.0083
11/7/2022,0
16/7/2022,0
21/7/2022,0
26/7/2022,0
1/8/2022,0
6/8/2022,0
11/8/2022,0
16/8/2022,0
21/8/2022,0.0212
26/8/2022,0.1131
1/9/2022,0
6/9/2022,0.0019
11/9/2022,0.0404
16/9/2022,0.1514
21/9/2022,0.4643
26/9/2022,0.855
1/10/2022,0.6417
6/10/2022,1.4304
11/10/2022,0.6685
16/10/2022,1.021
21/10/2022,1.0084
26/10/2022,5.1416
1/11/2022,65.6817
6/11/2022,28.8619
11/11/2022,19.7882
16/11/2022,1.9204
21/11/2022,19.8577
26/11/2022,7.9897
1/12/2022,2.8781
6/12/2022,36.1665
11/12/2022,14.0346
16/12/2022,23.5111
21/12/2022,12.6505
26/12/2022,7.192
1/1/2023,29.5107
6/1/2023,55.3814
11/1/2023,11.3163
16/1/2023,16.4836
21/1/2023,28.9103
26/1/2023,12.0673
1/2/2023,20.1362
6/2/2023,9.2612
11/2/2023,11.3662
16/2/2023,62.6067
21/2/2023,9.3544
26/2/2023,0.6232
1/3/2023,9.3055
6/3/2023,2.8362
11/3/2023,2.8773
16/3/2023,14.4453
21/3/2023,9.0244
26/3/2023,6.6412
1/4/2023,1.3932
6/4/2023,0.7683
11/4/2023,0.7589
16/4/2023,0.8811
21/4/2023,0.9241
26/4/2023,0.9064
1/5/2023,0.4821
6/5/2023,0.3399
11/5/2023,0.2512
16/5/2023,0.2248
21/5/2023,0.206
26/5/2023,0.3148
1/6/2023,0.2399
6/6/2023,0.1752
11/6/2023,0.1497
16/6/2023,0.1372
21/6/2023,0.1196
26/6/2023,0.0898
1/7/2023,0.0448
6/7/2023,0.0082
11/7/2023,0
16/7/2023,0
21/7/2023,0
26/7/2023,0
1/8/2023,0
6/8/2023,0
11/8/2023,0
16/8/2023,0
21/8/2023,0.0211
26/8/2023,0.113
1/9/2023,0
6/9/2023,0.0019
11/9/2023,0.0397
16/9/2023,0.1495
21/9/2023,0.4701
26/9/2023,0.8842
1/10/2023,0.6987
6/10/2023,0.7662
11/10/2023,3.9286
16/10/2023,1.6575
21/10/2023,1.2838
26/10/2023,5.9844
1/11/2023,1.2287
6/11/2023,0.7495
11/11/2023,1.5138
16/11/2023,0.6248
21/11/2023,3.1385
26/11/2023,5.2953
1/12/2023,4.7095
6/12/2023,10.7321
11/12/2023,13.3283
16/12/2023,9.2259
21/12/2023,37.2863
26/12/2023,41.309
1/1/2024,17.6297
6/1/2024,19.1603
11/1/2024,23.4272
16/1/2024,48.0181
21/1/2024,5.791
26/1/2024,23.4663
1/2/2024,0.8071
6/2/2024,0.655
11/2/2024,0.8054
16/2/2024,0.9885
21/2/2024,0.6429
26/2/2024,4.7883
1/3/2024,2.1476
6/3/2024,17.7874
11/3/2024,2.6723
16/3/2024,5.3692
21/3/2024,1.5872
26/3/2024,7.0587
1/4/2024,0.8623
6/4/2024,12.5669
11/4/2024,0.5604
16/4/2024,0.5915
21/4/2024,0.6562
26/4/2024,0.6327
1/5/2024,0.4793
6/5/2024,0.3415
11/5/2024,0.2488
16/5/2024,0.2291
21/5/2024,0.2123
26/5/2024,0.3164
1/6/2024,0.219
6/6/2024,0.169
11/6/2024,0.1441
16/6/2024,0.1324
21/6/2024,0.3995
26/6/2024,0.0861
1/7/2024,0.0448
6/7/2024,0.0082
11/7/2024,0
16/7/2024,0
21/7/2024,0
26/7/2024,0
1/8/2024,0
6/8/2024,0
11/8/2024,0
16/8/2024,0
21/8/2024,0.021
26/8/2024,0.1125
1/9/2024,0
6/9/2024,0.0019
11/9/2024,0.0396
16/9/2024,0.1478
21/9/2024,0.4618
26/9/2024,0.8497
1/10/2024,1.1304
6/10/2024,0.679
11/10/2024,0.6447
16/10/2024,0.8573
21/10/2024,0.8748
26/10/2024,3.942
1/11/2024,2.4759
6/11/2024,5.2976
11/11/2024,15.3291
16/11/2024,7.6292
21/11/2024,5.1337
26/11/2024,7.993
